Event,Date⇩,Event,Venue,Competitors,url,track_name,race_country
UCI - DHI World Championships '95,23rd Sep 1995,UCI - DHI World Championships '95,"Kirchzarten, Germany",240,https://www.rootsandrain.com/event1459/1995-sep-23-uci-dhi-world-championships-95-kirchzarten/,Kirchzarten, Germany
1995 Grundig UCI World Cup DH #6,1st Jan 1995,1995 Grundig UCI World Cup DH #6,"Kaprun, Austria",-,https://www.rootsandrain.com/event9541/1995-jan-1-grundig-uci-world-cup-dh-6-kaprun/,Kaprun, Austria
1995 Grundig UCI World Cup DH #5,1st Jan 1995,1995 Grundig UCI World Cup DH #5,"Big Bear Lake, CA, USA",-,https://www.rootsandrain.com/event9540/1995-jan-1-grundig-uci-world-cup-dh-5-big-bear-lake-ca/,Big Bear Lake, USA
1995 Grundig UCI World Cup DH #4,1st Jan 1995,1995 Grundig UCI World Cup DH #4,"Mont-Sainte-Anne, QC, Canada",-,https://www.rootsandrain.com/event9539/1995-jan-1-grundig-uci-world-cup-dh-4-mont-sainte-anne-qc/,Mont-Sainte-Anne, Canada
1995 Grundig UCI World Cup DH #3,1st Jan 1995,1995 Grundig UCI World Cup DH #3,"Mt Snow, VT, USA",-,https://www.rootsandrain.com/event9538/1995-jan-1-grundig-uci-world-cup-dh-3-mt-snow-vt/,Mt Snow, USA
1995 Grundig UCI World Cup DH #2,1st Jan 1995,1995 Grundig UCI World Cup DH #2,"Åre, Sweden",-,https://www.rootsandrain.com/event9537/1995-jan-1-grundig-uci-world-cup-dh-2-are/,Åre, Sweden
1995 Grundig UCI World Cup DH #1,1st Jan 1995,1995 Grundig UCI World Cup DH #1,"Cap d'Ail, France",-,https://www.rootsandrain.com/event9536/1995-jan-1-grundig-uci-world-cup-dh-1-cap-dail/,Cap d'Ail, France
UCI - DHI World Championships '96,22nd Sep 1996,UCI - DHI World Championships '96,"Cairns, QLD, Australia",159,https://www.rootsandrain.com/event1445/1996-sep-22-uci-dhi-world-championships-96-cairns-qld/,Cairns, Australia
1996 Grundig UCI World Cup DH #6,7th Sep 1996,1996 Grundig UCI World Cup DH #6,"Hawaii, USA",20,https://www.rootsandrain.com/event9527/1996-sep-7-grundig-uci-world-cup-dh-6-hawaii/,Hawaii, USA
1996 Grundig UCI World Cup DH #5,15th Aug 1996,1996 Grundig UCI World Cup DH #5,"Kaprun, Austria",10,https://www.rootsandrain.com/event9526/1996-aug-15-grundig-uci-world-cup-dh-5-kaprun/,Kaprun, Austria
1996 Grundig UCI World Cup DH #4,10th Aug 1996,1996 Grundig UCI World Cup DH #4,"Les Gets, France",20,https://www.rootsandrain.com/event9525/1996-aug-10-grundig-uci-world-cup-dh-4-les-gets/,Les Gets, France
1996 Grundig UCI World Cup DH #3,15th Jun 1996,1996 Grundig UCI World Cup DH #3,"Mont-Sainte-Anne, QC, Canada",35,https://www.rootsandrain.com/event9524/1996-jun-15-grundig-uci-world-cup-dh-3-mont-sainte-anne-qc/,Mont-Sainte-Anne, Canada
1996 Grundig UCI World Cup DH #2,19th May 1996,1996 Grundig UCI World Cup DH #2,"Nevegal, Italy",20,https://www.rootsandrain.com/event9523/1996-may-19-grundig-uci-world-cup-dh-2-nevegal/,Nevegal, Italy
1996 Grundig UCI World Cup DH #1,12th May 1996,1996 Grundig UCI World Cup DH #1,"Panticosa, Spain",20,https://www.rootsandrain.com/event9522/1996-may-12-grundig-uci-world-cup-dh-1-panticosa/,Panticosa, Spain
UCI - DHI World Championships '97,21st Sep 1997,UCI - DHI World Championships '97,"Château d'Oex, Switzerland",377,https://www.rootsandrain.com/event1446/1997-sep-21-uci-dhi-world-championships-97-chateau-doex/,Château d'Oex, Switzerland
1997 Grundig UCI World Cup DH #6,15th Aug 1997,1997 Grundig UCI World Cup DH #6,"Kaprun, Austria",95,https://www.rootsandrain.com/event861/1997-aug-15-grundig-uci-world-cup-dh-6-kaprun/,Kaprun, Austria
1997 Grundig UCI World Cup DH #5,6th Jul 1997,1997 Grundig UCI World Cup DH #5,"Massanutten, VA, USA",95,https://www.rootsandrain.com/event860/1997-jul-6-grundig-uci-world-cup-dh-5-massanutten-va/,Massanutten, USA
1997 Grundig UCI World Cup DH #4,29th Jun 1997,1997 Grundig UCI World Cup DH #4,"Mont-Sainte-Anne, QC, Canada",95,https://www.rootsandrain.com/event859/1997-jun-29-grundig-uci-world-cup-dh-4-mont-sainte-anne-qc/,Mont-Sainte-Anne, Canada
1997 Grundig UCI World Cup DH #3,1st Jun 1997,1997 Grundig UCI World Cup DH #3,"Sierra Nevada, Spain",95,https://www.rootsandrain.com/event858/1997-jun-1-grundig-uci-world-cup-dh-3-sierra-nevada/,Sierra Nevada, Spain
1997 Grundig UCI World Cup DH #2,25th May 1997,1997 Grundig UCI World Cup DH #2,"Nevegal, Italy",95,https://www.rootsandrain.com/event857/1997-may-25-grundig-uci-world-cup-dh-2-nevegal/,Nevegal, Italy
1997 Grundig UCI World Cup DH #1,18th May 1997,1997 Grundig UCI World Cup DH #1,"Stellenbosch, WC, South Africa",88,https://www.rootsandrain.com/event856/1997-may-18-grundig-uci-world-cup-dh-1-stellenbosch-wc/,Stellenbosch, South Africa
UCI - DHI World Championships '98,20th Sep 1998,UCI - DHI World Championships '98,"Mont-Sainte-Anne, QC, Canada",341,https://www.rootsandrain.com/event1447/1998-sep-20-uci-dhi-world-championships-98-mont-sainte-anne-qc/,Mont-Sainte-Anne, Canada
1998 Grundig UCI World Cup DH #8,30th Aug 1998,1998 Grundig UCI World Cup DH #8,"Arai Mountain, Japan",63,https://www.rootsandrain.com/event855/1998-aug-30-grundig-uci-world-cup-dh-8-arai-mountain/,Arai Mountain, Japan
1998 Grundig UCI World Cup DH #7,16th Aug 1998,1998 Grundig UCI World Cup DH #7,"Kaprun, Austria",95,https://www.rootsandrain.com/event854/1998-aug-16-grundig-uci-world-cup-dh-7-kaprun/,Kaprun, Austria
1998 Grundig UCI World Cup DH #6,9th Aug 1998,1998 Grundig UCI World Cup DH #6,"Sierra Nevada, Spain",95,https://www.rootsandrain.com/event853/1998-aug-9-grundig-uci-world-cup-dh-6-sierra-nevada/,Sierra Nevada, Spain
1998 Grundig UCI World Cup DH #5,28th Jul 1998,1998 Grundig UCI World Cup DH #5,"Snoqualmie Pass, WA, USA",95,https://www.rootsandrain.com/event852/1998-jul-28-grundig-uci-world-cup-dh-5-snoqualmie-pass-wa/,Snoqualmie Pass, USA
1998 Grundig UCI World Cup DH #4,21st Jun 1998,1998 Grundig UCI World Cup DH #4,"Big Bear Lake, CA, USA",95,https://www.rootsandrain.com/event851/1998-jun-21-grundig-uci-world-cup-dh-4-big-bear-lake-ca/,Big Bear Lake, USA
1998 Grundig UCI World Cup DH #3,31st May 1998,1998 Grundig UCI World Cup DH #3,"Les Gets, France",95,https://www.rootsandrain.com/event850/1998-may-31-grundig-uci-world-cup-dh-3-les-gets/,Les Gets, France
1998 Grundig UCI World Cup DH #2,24th May 1998,1998 Grundig UCI World Cup DH #2,"Nevegal, Italy",97,https://www.rootsandrain.com/event849/1998-may-24-grundig-uci-world-cup-dh-2-nevegal/,Nevegal, Italy
1998 Grundig UCI World Cup DH #1,5th Apr 1998,1998 Grundig UCI World Cup DH #1,"Stellenbosch, WC, South Africa",95,https://www.rootsandrain.com/event848/1998-apr-5-grundig-uci-world-cup-dh-1-stellenbosch-wc/,Stellenbosch, South Africa
UCI - DHI World Championships '99,18th Sep 1999,UCI - DHI World Championships '99,"Åre, Sweden",203,https://www.rootsandrain.com/event1448/1999-sep-18-uci-dhi-world-championships-99-are/,Åre, Sweden
1999 Diesel UCI World Cup DH #8,15th Aug 1999,1999 Diesel UCI World Cup DH #8,"Kaprun, Austria",100,https://www.rootsandrain.com/event847/1999-aug-15-diesel-uci-world-cup-dh-8-kaprun/,Kaprun, Austria
1999 Diesel UCI World Cup DH #7,8th Aug 1999,1999 Diesel UCI World Cup DH #7,"Bromont, QC, Canada",94,https://www.rootsandrain.com/event846/1999-aug-8-diesel-uci-world-cup-dh-7-bromont-qc/,Bromont, Canada
1999 Diesel UCI World Cup DH #6,1st Aug 1999,1999 Diesel UCI World Cup DH #6,"Mont-Sainte-Anne, QC, Canada",100,https://www.rootsandrain.com/event845/1999-aug-1-diesel-uci-world-cup-dh-6-mont-sainte-anne-qc/,Mont-Sainte-Anne, Canada
1999 Diesel UCI World Cup DH #5,11th Jul 1999,1999 Diesel UCI World Cup DH #5,"Squaw Valley, CA, USA",97,https://www.rootsandrain.com/event844/1999-jul-11-diesel-uci-world-cup-dh-5-squaw-valley-ca/,Squaw Valley, USA
1999 Diesel UCI World Cup DH #4,27th Jun 1999,1999 Diesel UCI World Cup DH #4,"Big Bear Lake, CA, USA",99,https://www.rootsandrain.com/event843/1999-jun-27-diesel-uci-world-cup-dh-4-big-bear-lake-ca/,Big Bear Lake, USA
1999 Diesel UCI World Cup DH #3,6th Jun 1999,1999 Diesel UCI World Cup DH #3,"Nevegal, Italy",100,https://www.rootsandrain.com/event842/1999-jun-6-diesel-uci-world-cup-dh-3-nevegal/,Nevegal, Italy
1999 Diesel UCI World Cup DH #2,30th May 1999,1999 Diesel UCI World Cup DH #2,"Maribor, Slovenia",100,https://www.rootsandrain.com/event841/1999-may-30-diesel-uci-world-cup-dh-2-maribor/,Maribor, Slovenia
1999 Diesel UCI World Cup DH #1,23rd May 1999,1999 Diesel UCI World Cup DH #1,"Les Gets, France",100,https://www.rootsandrain.com/event840/1999-may-23-diesel-uci-world-cup-dh-1-les-gets/,Les Gets, France
2000 Tissot UCI World Cup DH #8,27th Aug 2000,2000 Tissot UCI World Cup DH #8,"Leysin, Switzerland",152,https://www.rootsandrain.com/event839/2000-aug-27-tissot-uci-world-cup-dh-8-leysin/,Leysin, Switzerland
2000 Tissot UCI World Cup DH #7,13th Aug 2000,2000 Tissot UCI World Cup DH #7,"Kaprun, Austria",180,https://www.rootsandrain.com/event838/2000-aug-13-tissot-uci-world-cup-dh-7-kaprun/,Kaprun, Austria
2000 Tissot UCI World Cup DH #6,23rd Jul 2000,2000 Tissot UCI World Cup DH #6,"Arai Mountain, Japan",66,https://www.rootsandrain.com/event837/2000-jul-23-tissot-uci-world-cup-dh-6-arai-mountain/,Arai Mountain, Japan
2000 Tissot UCI World Cup DH #5,16th Jul 2000,2000 Tissot UCI World Cup DH #5,"Vail, CO, USA",104,https://www.rootsandrain.com/event836/2000-jul-16-tissot-uci-world-cup-dh-5-vail-co/,Vail, USA
2000 Tissot UCI World Cup DH #4,2nd Jul 2000,2000 Tissot UCI World Cup DH #4,"Mont-Sainte-Anne, QC, Canada",110,https://www.rootsandrain.com/event835/2000-jul-2-tissot-uci-world-cup-dh-4-mont-sainte-anne-qc/,Mont-Sainte-Anne, Canada
UCI - DHI World Championships '00,11th Jun 2000,UCI - DHI World Championships '00,"Sierra Nevada, Spain",227,https://www.rootsandrain.com/event1451/2000-jun-11-uci-dhi-world-championships-00-sierra-nevada/,Sierra Nevada, Spain
2000 Tissot UCI World Cup DH #3,3rd Jun 2000,2000 Tissot UCI World Cup DH #3,"Maribor, Slovenia",201,https://www.rootsandrain.com/event834/2000-jun-3-tissot-uci-world-cup-dh-3-maribor/,Maribor, Slovenia
2000 Tissot UCI World Cup DH #2,28th May 2000,2000 Tissot UCI World Cup DH #2,"Cortina d'Ampezzo, Italy",213,https://www.rootsandrain.com/event833/2000-may-28-tissot-uci-world-cup-dh-2-cortina-dampezzo/,Cortina d'Ampezzo, Italy
2000 Tissot UCI World Cup DH #1,21st May 2000,2000 Tissot UCI World Cup DH #1,"Les Gets, France",110,https://www.rootsandrain.com/event832/2000-may-21-tissot-uci-world-cup-dh-1-les-gets/,Les Gets, France
UCI - DHI World Championships '01,16th Sep 2001,UCI - DHI World Championships '01,"Vail, CO, USA",144,https://www.rootsandrain.com/event1452/2001-sep-16-uci-dhi-world-championships-01-vail-co/,Vail, USA
2001 Tissot UCI World Cup DH #8,26th Aug 2001,2001 Tissot UCI World Cup DH #8,"Mont-Sainte-Anne, QC, Canada",110,https://www.rootsandrain.com/event831/2001-aug-26-tissot-uci-world-cup-dh-8-mont-sainte-anne-qc/,Mont-Sainte-Anne, Canada
2001 Tissot UCI World Cup DH #7,12th Aug 2001,2001 Tissot UCI World Cup DH #7,"Kaprun, Austria",195,https://www.rootsandrain.com/event830/2001-aug-12-tissot-uci-world-cup-dh-7-kaprun/,Kaprun, Austria
2001 Tissot UCI World Cup DH #6,5th Aug 2001,2001 Tissot UCI World Cup DH #6,"Leysin, Switzerland",184,https://www.rootsandrain.com/event829/2001-aug-5-tissot-uci-world-cup-dh-6-leysin/,Leysin, Switzerland
2001 Tissot UCI World Cup DH #5,29th Jul 2001,2001 Tissot UCI World Cup DH #5,"Arai Mountain, Japan",73,https://www.rootsandrain.com/event828/2001-jul-29-tissot-uci-world-cup-dh-5-arai-mountain/,Arai Mountain, Japan
2001 Tissot UCI World Cup DH #4,15th Jul 2001,2001 Tissot UCI World Cup DH #4,"Durango, CO, USA",93,https://www.rootsandrain.com/event827/2001-jul-15-tissot-uci-world-cup-dh-4-durango-co/,Durango, USA
2001 Tissot UCI World Cup DH #3,8th Jul 2001,2001 Tissot UCI World Cup DH #3,"Grouse Mountain, BC, Canada",123,https://www.rootsandrain.com/event826/2001-jul-8-tissot-uci-world-cup-dh-3-grouse-mountain-bc/,Grouse Mountain, Canada
2001 Tissot UCI World Cup DH #2,17th Jun 2001,2001 Tissot UCI World Cup DH #2,"Vars, France",192,https://www.rootsandrain.com/event825/2001-jun-17-tissot-uci-world-cup-dh-2-vars/,Vars, France
2001 Tissot UCI World Cup DH #1,10th Jun 2001,2001 Tissot UCI World Cup DH #1,"Maribor, Slovenia",197,https://www.rootsandrain.com/event824/2001-jun-10-tissot-uci-world-cup-dh-1-maribor/,Maribor, Slovenia
2002 Tissot UCI World Cup DH #6,8th Sep 2002,2002 Tissot UCI World Cup DH #6,"Les Gets, France",220,https://www.rootsandrain.com/event823/2002-sep-8-tissot-uci-world-cup-dh-6-les-gets/,Les Gets, France
UCI - DHI World Championships '02,1st Sep 2002,UCI - DHI World Championships '02,"Kaprun, Austria",226,https://www.rootsandrain.com/event1453/2002-sep-1-uci-dhi-world-championships-02-kaprun/,Kaprun, Austria
2002 Tissot UCI World Cup DH #5,14th Jul 2002,2002 Tissot UCI World Cup DH #5,"Telluride, CO, USA",108,https://www.rootsandrain.com/event822/2002-jul-14-tissot-uci-world-cup-dh-5-telluride-co/,Telluride, USA
2002 Tissot UCI World Cup DH #4,7th Jul 2002,2002 Tissot UCI World Cup DH #4,"Grouse Mountain, BC, Canada",CANCELLED,https://www.rootsandrain.com/event821/2002-jul-7-tissot-uci-world-cup-dh-4-grouse-mountain-bc/,Grouse Mountain, Canada
2002 Tissot UCI World Cup DH #3,30th Jun 2002,2002 Tissot UCI World Cup DH #3,"Mont-Sainte-Anne, QC, Canada",114,https://www.rootsandrain.com/event820/2002-jun-30-tissot-uci-world-cup-dh-3-mont-sainte-anne-qc/,Mont-Sainte-Anne, Canada
2002 Tissot UCI World Cup DH #2,9th Jun 2002,2002 Tissot UCI World Cup DH #2,"Maribor, Slovenia",182,https://www.rootsandrain.com/event819/2002-jun-9-tissot-uci-world-cup-dh-2-maribor/,Maribor, Slovenia
2002 Tissot UCI World Cup DH #1,2nd Jun 2002,2002 Tissot UCI World Cup DH #1,"Fort William, UK",123,https://www.rootsandrain.com/event818/2002-jun-2-tissot-uci-world-cup-dh-1-fort-william/,Fort William, UK
2003 Tissot UCI World Cup DH #6,14th Sep 2003,2003 Tissot UCI World Cup DH #6,"Kaprun, Austria",232,https://www.rootsandrain.com/event817/2003-sep-14-tissot-uci-world-cup-dh-6-kaprun/,Kaprun, Austria
UCI - DHI World Championships '03,7th Sep 2003,UCI - DHI World Championships '03,"Lugano, Italy",218,https://www.rootsandrain.com/event1454/2003-sep-7-uci-dhi-world-championships-03-lugano/,Lugano, Italy
2003 Tissot UCI World Cup DH #5,13th Jul 2003,2003 Tissot UCI World Cup DH #5,"Grouse Mountain, BC, Canada",113,https://www.rootsandrain.com/event816/2003-jul-13-tissot-uci-world-cup-dh-5-grouse-mountain-bc/,Grouse Mountain, Canada
2003 Tissot UCI World Cup DH #4,5th Jul 2003,2003 Tissot UCI World Cup DH #4,"Telluride, CO, USA",CANCELLED,https://www.rootsandrain.com/event7075/2003-jul-5-tissot-uci-world-cup-dh-4-telluride-co/,Telluride, USA
2003 Tissot UCI World Cup DH #3,29th Jun 2003,2003 Tissot UCI World Cup DH #3,"Mont-Sainte-Anne, QC, Canada",113,https://www.rootsandrain.com/event815/2003-jun-29-tissot-uci-world-cup-dh-3-mont-sainte-anne-qc/,Mont-Sainte-Anne, Canada
2003 Tissot UCI World Cup DH #2,8th Jun 2003,2003 Tissot UCI World Cup DH #2,"Alpe d'Huez, France",227,https://www.rootsandrain.com/event814/2003-jun-8-tissot-uci-world-cup-dh-2-alpe-dhuez/,Alpe d'Huez, France
2003 Tissot UCI World Cup DH #1,1st Jun 2003,2003 Tissot UCI World Cup DH #1,"Fort William, UK",157,https://www.rootsandrain.com/event813/2003-jun-1-tissot-uci-world-cup-dh-1-fort-william/,Fort William, UK
2004 Tissot UCI World Cup DH #6,19th Sep 2004,2004 Tissot UCI World Cup DH #6,"Livigno, Italy",207,https://www.rootsandrain.com/event812/2004-sep-19-tissot-uci-world-cup-dh-6-livigno/,Livigno, Italy
UCI - DHI World Championships '04,11th Sep 2004,UCI - DHI World Championships '04,"Les Gets, France",224,https://www.rootsandrain.com/event1455/2004-sep-11-uci-dhi-world-championships-04-les-gets/,Les Gets, France
2004 Tissot UCI World Cup DH #5,4th Jul 2004,2004 Tissot UCI World Cup DH #5,"Calgary, AB, Canada",135,https://www.rootsandrain.com/event811/2004-jul-4-tissot-uci-world-cup-dh-5-calgary-ab/,Calgary, Canada
2004 Tissot UCI World Cup DH #4,27th Jun 2004,2004 Tissot UCI World Cup DH #4,"Mont-Sainte-Anne, QC, Canada",138,https://www.rootsandrain.com/event810/2004-jun-27-tissot-uci-world-cup-dh-4-mont-sainte-anne-qc/,Mont-Sainte-Anne, Canada
2004 Tissot UCI World Cup DH #3,20th Jun 2004,2004 Tissot UCI World Cup DH #3,"Schladming, Austria",252,https://www.rootsandrain.com/event809/2004-jun-20-tissot-uci-world-cup-dh-3-schladming/,Schladming, Austria
2004 Tissot UCI World Cup DH #2,13th Jun 2004,2004 Tissot UCI World Cup DH #2,"Les Deux Alpes, France",231,https://www.rootsandrain.com/event808/2004-jun-13-tissot-uci-world-cup-dh-2-les-deux-alpes/,Les Deux Alpes, France
2004 Tissot UCI World Cup DH #1,6th Jun 2004,2004 Tissot UCI World Cup DH #1,"Fort William, UK",181,https://www.rootsandrain.com/event807/2004-jun-6-tissot-uci-world-cup-dh-1-fort-william/,Fort William, UK
2005 UCI World Cup DH #8,11th Sep 2005,2005 UCI World Cup DH #8,"Fort William, UK",168,https://www.rootsandrain.com/event262/2005-sep-11-uci-world-cup-dh-8-fort-william/,Fort William, UK
UCI - DHI World Championships '05,3rd Sep 2005,UCI - DHI World Championships '05,"Livigno, Italy",210,https://www.rootsandrain.com/event1456/2005-sep-3-uci-dhi-world-championships-05-livigno/,Livigno, Italy
2005 UCI World Cup DH #7,21st Aug 2005,2005 UCI World Cup DH #7,"Pila, Italy",110,https://www.rootsandrain.com/event261/2005-aug-21-uci-world-cup-dh-7-pila/,Pila, Italy
2005 UCI World Cup DH #6,10th Jul 2005,2005 UCI World Cup DH #6,"Angel Fire, NM, USA",96,https://www.rootsandrain.com/event260/2005-jul-10-uci-world-cup-dh-6-angel-fire-nm/,Angel Fire, USA
2005 UCI World Cup DH #5,3rd Jul 2005,2005 UCI World Cup DH #5,"Balneário Camboriú, Brazil",77,https://www.rootsandrain.com/event259/2005-jul-3-uci-world-cup-dh-5-balneario-camboriu/,Balneário Camboriú, Brazil
2005 UCI World Cup DH #4,26th Jun 2005,2005 UCI World Cup DH #4,"Mont-Sainte-Anne, QC, Canada",103,https://www.rootsandrain.com/event258/2005-jun-26-uci-world-cup-dh-4-mont-sainte-anne-qc/,Mont-Sainte-Anne, Canada
2005 UCI World Cup DH #3,12th Jun 2005,2005 UCI World Cup DH #3,"Schladming, Austria",110,https://www.rootsandrain.com/event257/2005-jun-12-uci-world-cup-dh-3-schladming/,Schladming, Austria
2005 UCI World Cup DH #2,5th Jun 2005,2005 UCI World Cup DH #2,"Willingen, Germany",192,https://www.rootsandrain.com/event256/2005-jun-5-uci-world-cup-dh-2-willingen/,Willingen, Germany
2005 UCI World Cup DH #1,1st May 2005,2005 UCI World Cup DH #1,"Vigo, Spain",110,https://www.rootsandrain.com/event255/2005-may-1-uci-world-cup-dh-1-vigo/,Vigo, Spain
2006 UCI World Cup DH #6,10th Sep 2006,2006 UCI World Cup DH #6,"Schladming, Austria",275,https://www.rootsandrain.com/event254/2006-sep-10-uci-world-cup-dh-6-schladming/,Schladming, Austria
UCI - DHI World Championships '06,26th Aug 2006,UCI - DHI World Championships '06,"Rotorua, New Zealand",143,https://www.rootsandrain.com/event1457/2006-aug-26-uci-dhi-world-championships-06-rotorua/,Rotorua, New Zealand
2006 UCI World Cup DH #5,2nd Jul 2006,2006 UCI World Cup DH #5,"Balneário Camboriú, Brazil",136,https://www.rootsandrain.com/event253/2006-jul-2-uci-world-cup-dh-5-balneario-camboriu/,Balneário Camboriú, Brazil
2006 UCI World Cup DH #4,25th Jun 2006,2006 UCI World Cup DH #4,"Mont-Sainte-Anne, QC, Canada",185,https://www.rootsandrain.com/event252/2006-jun-25-uci-world-cup-dh-4-mont-sainte-anne-qc/,Mont-Sainte-Anne, Canada
2006 UCI World Cup DH #3,4th Jun 2006,2006 UCI World Cup DH #3,"Willingen, Germany",240,https://www.rootsandrain.com/event251/2006-jun-4-uci-world-cup-dh-3-willingen/,Willingen, Germany
2006 UCI World Cup DH #2,28th May 2006,2006 UCI World Cup DH #2,"Fort William, UK",207,https://www.rootsandrain.com/event250/2006-may-28-uci-world-cup-dh-2-fort-william/,Fort William, UK
2006 UCI World Cup DH #1,7th May 2006,2006 UCI World Cup DH #1,"Vigo, Spain",242,https://www.rootsandrain.com/event249/2006-may-7-uci-world-cup-dh-1-vigo/,Vigo, Spain
2007 Nissan UCI World Cup DH #5,16th Sep 2007,2007 Nissan UCI World Cup DH #5,"Maribor, Slovenia",232,https://www.rootsandrain.com/event248/2007-sep-16-nissan-uci-world-cup-dh-5-maribor/,Maribor, Slovenia
UCI - DHI World Championships '07,9th Sep 2007,UCI - DHI World Championships '07,"Fort William, UK",210,https://www.rootsandrain.com/event275/2007-sep-9-uci-dhi-world-championships-07-fort-william/,Fort William, UK
2007 Nissan UCI World Cup DH #4,8th Jul 2007,2007 Nissan UCI World Cup DH #4,"Schladming, Austria",242,https://www.rootsandrain.com/event247/2007-jul-8-nissan-uci-world-cup-dh-4-schladming/,Schladming, Austria
2007 Nissan UCI World Cup DH #3,24th Jun 2007,2007 Nissan UCI World Cup DH #3,"Mont-Sainte-Anne, QC, Canada",132,https://www.rootsandrain.com/event246/2007-jun-24-nissan-uci-world-cup-dh-3-mont-sainte-anne-qc/,Mont-Sainte-Anne, Canada
2007 Nissan UCI World Cup DH #2,10th Jun 2007,2007 Nissan UCI World Cup DH #2,"Champéry, Switzerland",220,https://www.rootsandrain.com/event245/2007-jun-10-nissan-uci-world-cup-dh-2-champery/,Champéry, Switzerland
2007 Nissan UCI World Cup DH #1,13th May 2007,2007 Nissan UCI World Cup DH #1,"Vigo, Spain",211,https://www.rootsandrain.com/event244/2007-may-13-nissan-uci-world-cup-dh-1-vigo/,Vigo, Spain
2008 Nissan UCI World Cup DH #7,14th Sep 2008,2008 Nissan UCI World Cup DH #7,"Schladming, Austria",269,https://www.rootsandrain.com/event243/2008-sep-14-nissan-uci-world-cup-dh-7-schladming/,Schladming, Austria
2008 Nissan UCI World Cup DH #6,31st Aug 2008,2008 Nissan UCI World Cup DH #6,"Stromlo, Canberra, ACT, Australia",91,https://www.rootsandrain.com/event242/2008-aug-31-nissan-uci-world-cup-dh-6-stromlo-canberra-act/,Stromlo, Australia
2008 Nissan UCI World Cup DH #5,3rd Aug 2008,2008 Nissan UCI World Cup DH #5,"Bromont, QC, Canada",185,https://www.rootsandrain.com/event241/2008-aug-3-nissan-uci-world-cup-dh-5-bromont-qc/,Bromont, Canada
2008 Nissan UCI World Cup DH #4,27th Jul 2008,2008 Nissan UCI World Cup DH #4,"Mont-Sainte-Anne, QC, Canada",194,https://www.rootsandrain.com/event240/2008-jul-27-nissan-uci-world-cup-dh-4-mont-sainte-anne-qc/,Mont-Sainte-Anne, Canada
UCI - DHI World Championships '08,21st Jun 2008,UCI - DHI World Championships '08,"Val di Sole, Italy",210,https://www.rootsandrain.com/event263/2008-jun-21-uci-dhi-world-championships-08-val-di-sole/,Val di Sole, Italy
2008 Nissan UCI World Cup DH #3,8th Jun 2008,2008 Nissan UCI World Cup DH #3,"Fort William, UK",217,https://www.rootsandrain.com/event239/2008-jun-8-nissan-uci-world-cup-dh-3-fort-william/,Fort William, UK
2008 Nissan UCI World Cup DH #2,1st Jun 2008,2008 Nissan UCI World Cup DH #2,"Vallnord, Andorra",264,https://www.rootsandrain.com/event238/2008-jun-1-nissan-uci-world-cup-dh-2-vallnord/,Vallnord, Andorra
2008 Nissan UCI World Cup DH #1,11th May 2008,2008 Nissan UCI World Cup DH #1,"Maribor, Slovenia",324,https://www.rootsandrain.com/event237/2008-may-11-nissan-uci-world-cup-dh-1-maribor/,Maribor, Slovenia
2009 Nissan UCI World Cup DH #8,20th Sep 2009,2009 Nissan UCI World Cup DH #8,"Schladming, Austria",256,https://www.rootsandrain.com/event179/2009-sep-20-nissan-uci-world-cup-dh-8-schladming/,Schladming, Austria
UCI - DHI World Championships '09,6th Sep 2009,UCI - DHI World Championships '09,"Stromlo, Canberra, ACT, Australia",134,https://www.rootsandrain.com/event133/2009-sep-6-uci-dhi-world-championships-09-stromlo-canberra-act/,Stromlo, Australia
2009 Nissan UCI World Cup DH #7,2nd Aug 2009,2009 Nissan UCI World Cup DH #7,"Bromont, QC, Canada",190,https://www.rootsandrain.com/event178/2009-aug-2-nissan-uci-world-cup-dh-7-bromont-qc/,Bromont, Canada
2009 Nissan UCI World Cup DH #6,26th Jul 2009,2009 Nissan UCI World Cup DH #6,"Mont-Sainte-Anne, QC, Canada",190,https://www.rootsandrain.com/event177/2009-jul-26-nissan-uci-world-cup-dh-6-mont-sainte-anne-qc/,Mont-Sainte-Anne, Canada
2009 Nissan UCI World Cup DH #5,21st Jun 2009,2009 Nissan UCI World Cup DH #5,"Maribor, Slovenia",256,https://www.rootsandrain.com/event176/2009-jun-21-nissan-uci-world-cup-dh-5-maribor/,Maribor, Slovenia
2009 Nissan UCI World Cup DH #4,7th Jun 2009,2009 Nissan UCI World Cup DH #4,"Fort William, UK",177,https://www.rootsandrain.com/event175/2009-jun-7-nissan-uci-world-cup-dh-4-fort-william/,Fort William, UK
2009 Nissan UCI World Cup DH #3,17th May 2009,2009 Nissan UCI World Cup DH #3,"Vallnord, Andorra",223,https://www.rootsandrain.com/event174/2009-may-17-nissan-uci-world-cup-dh-3-vallnord/,Vallnord, Andorra
2009 Nissan UCI World Cup DH #2,10th May 2009,2009 Nissan UCI World Cup DH #2,"La Bresse, France",246,https://www.rootsandrain.com/event173/2009-may-10-nissan-uci-world-cup-dh-2-la-bresse/,La Bresse, France
2009 Nissan UCI World Cup DH #1,12th Apr 2009,2009 Nissan UCI World Cup DH #1,"Pietermaritzburg, KZN, South Africa",121,https://www.rootsandrain.com/event172/2009-apr-12-nissan-uci-world-cup-dh-1-pietermaritzburg-kzn/,Pietermaritzburg, South Africa
UCI - DHI World Championships '10,5th Sep 2010,UCI - DHI World Championships '10,"Mont-Sainte-Anne, QC, Canada",146,https://www.rootsandrain.com/event226/2010-sep-5-uci-dhi-world-championships-10-mont-sainte-anne-qc/,Mont-Sainte-Anne, Canada
2010 UCI World Cup DH #6,29th Aug 2010,2010 UCI World Cup DH #6,"Windham, NY, USA",155,https://www.rootsandrain.com/event185/2010-aug-29-uci-world-cup-dh-6-windham-ny/,Windham, USA
2010 UCI World Cup DH #5,1st Aug 2010,2010 UCI World Cup DH #5,"Val di Sole, Italy",228,https://www.rootsandrain.com/event184/2010-aug-1-uci-world-cup-dh-5-val-di-sole/,Val di Sole, Italy
2010 UCI World Cup DH #4,25th Jul 2010,2010 UCI World Cup DH #4,"Champéry, Switzerland",241,https://www.rootsandrain.com/event183/2010-jul-25-uci-world-cup-dh-4-champery/,Champéry, Switzerland
2010 UCI World Cup DH #3,20th Jun 2010,2010 UCI World Cup DH #3,"Leogang, Austria",257,https://www.rootsandrain.com/event182/2010-jun-20-uci-world-cup-dh-3-leogang/,Leogang, Austria
2010 UCI World Cup DH #2,6th Jun 2010,2010 UCI World Cup DH #2,"Fort William, UK",208,https://www.rootsandrain.com/event181/2010-jun-6-uci-world-cup-dh-2-fort-william/,Fort William, UK
2010 UCI World Cup DH #1,16th May 2010,2010 UCI World Cup DH #1,"Maribor, Slovenia",277,https://www.rootsandrain.com/event180/2010-may-16-uci-world-cup-dh-1-maribor/,Maribor, Slovenia
UCI - DHI World Championships '11,4th Sep 2011,UCI - DHI World Championships '11,"Champéry, Switzerland",206,https://www.rootsandrain.com/event307/2011-sep-4-uci-dhi-world-championships-11-champery/,Champéry, Switzerland
2011 UCI World Cup DH #7,21st Aug 2011,2011 UCI World Cup DH #7,"Val di Sole, Italy",270,https://www.rootsandrain.com/event306/2011-aug-21-uci-world-cup-dh-7-val-di-sole/,Val di Sole, Italy
2011 UCI World Cup DH #6,7th Aug 2011,2011 UCI World Cup DH #6,"La Bresse, France",260,https://www.rootsandrain.com/event305/2011-aug-7-uci-world-cup-dh-6-la-bresse/,La Bresse, France
2011 UCI World Cup DH #5,10th Jul 2011,2011 UCI World Cup DH #5,"Windham, NY, USA",168,https://www.rootsandrain.com/event304/2011-jul-10-uci-world-cup-dh-5-windham-ny/,Windham, USA
2011 UCI World Cup DH #4,3rd Jul 2011,2011 UCI World Cup DH #4,"Mont-Sainte-Anne, QC, Canada",164,https://www.rootsandrain.com/event303/2011-jul-3-uci-world-cup-dh-4-mont-sainte-anne-qc/,Mont-Sainte-Anne, Canada
2011 UCI World Cup DH #3,12th Jun 2011,2011 UCI World Cup DH #3,"Leogang, Austria",296,https://www.rootsandrain.com/event302/2011-jun-12-uci-world-cup-dh-3-leogang/,Leogang, Austria
2011 UCI World Cup DH #2,5th Jun 2011,2011 UCI World Cup DH #2,"Fort William, UK",225,https://www.rootsandrain.com/event301/2011-jun-5-uci-world-cup-dh-2-fort-william/,Fort William, UK
2011 UCI World Cup DH #1,24th Apr 2011,2011 UCI World Cup DH #1,"Pietermaritzburg, KZN, South Africa",130,https://www.rootsandrain.com/event300/2011-apr-24-uci-world-cup-dh-1-pietermaritzburg-kzn/,Pietermaritzburg, South Africa
2012 UCI World Cup DH #7,16th Sep 2012,2012 UCI World Cup DH #7,"Hafjell Bike Park, Norway",177,https://www.rootsandrain.com/event693/2012-sep-16-uci-world-cup-dh-7-hafjell-bike-park/,Hafjell Bike Park, Norway
UCI - DHI World Championships '12,2nd Sep 2012,UCI - DHI World Championships '12,"Leogang, Austria",237,https://www.rootsandrain.com/event694/2012-sep-2-uci-dhi-world-championships-12-leogang/,Leogang, Austria
2012 UCI World Cup DH #6,29th Jul 2012,2012 UCI World Cup DH #6,"Val d'Isère, France",267,https://www.rootsandrain.com/event692/2012-jul-29-uci-world-cup-dh-6-val-disere/,Val d'Isère, France
2012 UCI World Cup DH #5,1st Jul 2012,2012 UCI World Cup DH #5,"Windham, NY, USA",201,https://www.rootsandrain.com/event691/2012-jul-1-uci-world-cup-dh-5-windham-ny/,Windham, USA
2012 UCI World Cup DH #4,24th Jun 2012,2012 UCI World Cup DH #4,"Mont-Sainte-Anne, QC, Canada",192,https://www.rootsandrain.com/event690/2012-jun-24-uci-world-cup-dh-4-mont-sainte-anne-qc/,Mont-Sainte-Anne, Canada
2012 UCI World Cup DH #3,10th Jun 2012,2012 UCI World Cup DH #3,"Fort William, UK",213,https://www.rootsandrain.com/event689/2012-jun-10-uci-world-cup-dh-3-fort-william/,Fort William, UK
2012 UCI World Cup DH #2,3rd Jun 2012,2012 UCI World Cup DH #2,"Val di Sole, Italy",266,https://www.rootsandrain.com/event688/2012-jun-3-uci-world-cup-dh-2-val-di-sole/,Val di Sole, Italy
2012 UCI World Cup DH #1,18th Mar 2012,2012 UCI World Cup DH #1,"Pietermaritzburg, KZN, South Africa",154,https://www.rootsandrain.com/event687/2012-mar-18-uci-world-cup-dh-1-pietermaritzburg-kzn/,Pietermaritzburg, South Africa
2013 UCI World Cup DH #6,22nd Sep 2013,2013 UCI World Cup DH #6,"Leogang, Austria",288,https://www.rootsandrain.com/event1508/2013-sep-22-uci-world-cup-dh-6-leogang/,Leogang, Austria
2013 UCI World Cup DH #5,15th Sep 2013,2013 UCI World Cup DH #5,"Hafjell Bike Park, Norway",215,https://www.rootsandrain.com/event1507/2013-sep-15-uci-world-cup-dh-5-hafjell-bike-park/,Hafjell Bike Park, Norway
UCI - DHI World Championships '13,1st Sep 2013,UCI - DHI World Championships '13,"Pietermaritzburg, KZN, South Africa",141,https://www.rootsandrain.com/event1458/2013-sep-1-uci-dhi-world-championships-13-pietermaritzburg-kzn/,Pietermaritzburg, South Africa
2013 UCI World Cup DH #4,11th Aug 2013,2013 UCI World Cup DH #4,"Mont-Sainte-Anne, QC, Canada",170,https://www.rootsandrain.com/event1506/2013-aug-11-uci-world-cup-dh-4-mont-sainte-anne-qc/,Mont-Sainte-Anne, Canada
2013 UCI World Cup DH #3,28th Jul 2013,2013 UCI World Cup DH #3,"Vallnord, Andorra",255,https://www.rootsandrain.com/event1505/2013-jul-28-uci-world-cup-dh-3-vallnord/,Vallnord, Andorra
2013 UCI World Cup DH #2,16th Jun 2013,2013 UCI World Cup DH #2,"Val di Sole, Italy",312,https://www.rootsandrain.com/event1504/2013-jun-16-uci-world-cup-dh-2-val-di-sole/,Val di Sole, Italy
2013 UCI World Cup DH #1,9th Jun 2013,2013 UCI World Cup DH #1,"Fort William, UK",248,https://www.rootsandrain.com/event1502/2013-jun-9-uci-world-cup-dh-1-fort-william/,Fort William, UK
UCI - DHI World Championships '14,7th Sep 2014,UCI - DHI World Championships '14,"Hafjell Bike Park, Norway",201,https://www.rootsandrain.com/event2006/2014-sep-7-uci-dhi-world-championships-14-hafjell-bike-park/,Hafjell Bike Park, Norway
2014 UCI World Cup DH #7,23rd Aug 2014,2014 UCI World Cup DH #7,"Méribel, France",279,https://www.rootsandrain.com/event2005/2014-aug-23-uci-world-cup-dh-7-meribel/,Méribel, France
2014 UCI World Cup DH #6,10th Aug 2014,2014 UCI World Cup DH #6,"Windham, NY, USA",227,https://www.rootsandrain.com/event2004/2014-aug-10-uci-world-cup-dh-6-windham-ny/,Windham, USA
2014 UCI World Cup DH #5,2nd Aug 2014,2014 UCI World Cup DH #5,"Mont-Sainte-Anne, QC, Canada",225,https://www.rootsandrain.com/event2003/2014-aug-2-uci-world-cup-dh-5-mont-sainte-anne-qc/,Mont-Sainte-Anne, Canada
UCI - Austrian DH National Champs '14,13th Jul 2014,UCI - Austrian DH National Champs '14,"Kirchberg, Austria",155,https://www.rootsandrain.com/event2767/2014-jul-13-uci-austrian-dh-national-champs-14-kirchberg/photos/,Kirchberg, Austria
2014 UCI World Cup DH #4,15th Jun 2014,2014 UCI World Cup DH #4,"Leogang, Austria",339,https://www.rootsandrain.com/event2002/2014-jun-15-uci-world-cup-dh-4-leogang/,Leogang, Austria
2014 UCI World Cup DH #3,8th Jun 2014,2014 UCI World Cup DH #3,"Fort William, UK",243,https://www.rootsandrain.com/event2001/2014-jun-8-uci-world-cup-dh-3-fort-william/,Fort William, UK
2014 UCI World Cup DH #2,27th Apr 2014,2014 UCI World Cup DH #2,"Cairns, QLD, Australia",153,https://www.rootsandrain.com/event2000/2014-apr-27-uci-world-cup-dh-2-cairns-qld/,Cairns, Australia
2014 UCI World Cup DH #1,12th Apr 2014,2014 UCI World Cup DH #1,"Pietermaritzburg, KZN, South Africa",145,https://www.rootsandrain.com/event1999/2014-apr-12-uci-world-cup-dh-1-pietermaritzburg-kzn/,Pietermaritzburg, South Africa
UCI - DHI World Championships '15,6th Sep 2015,UCI - DHI World Championships '15,"Vallnord, Andorra",192,https://www.rootsandrain.com/event3134/2015-sep-6-uci-dhi-world-championships-15-vallnord/,Vallnord, Andorra
UCI - Austrian DH National Champs '15,29th Aug 2015,UCI - Austrian DH National Champs '15,"Innsbruck, Austria",75,https://www.rootsandrain.com/venue705/innsbruck/,Innsbruck, Austria
2015 UCI World Cup DH #7,23rd Aug 2015,2015 UCI World Cup DH #7,"Val di Sole, Italy",263,https://www.rootsandrain.com/event2925/2015-aug-23-uci-world-cup-dh-7-val-di-sole/,Val di Sole, Italy
2015 UCI World Cup DH #6,8th Aug 2015,2015 UCI World Cup DH #6,"Windham, NY, USA",203,https://www.rootsandrain.com/event2924/2015-aug-8-uci-world-cup-dh-6-windham-ny/,Windham, USA
2015 UCI World Cup DH #5,1st Aug 2015,2015 UCI World Cup DH #5,"Mont-Sainte-Anne, QC, Canada",205,https://www.rootsandrain.com/event2923/2015-aug-1-uci-world-cup-dh-5-mont-sainte-anne-qc/,Mont-Sainte-Anne, Canada
2015 UCI World Cup DH #4,5th Jul 2015,2015 UCI World Cup DH #4,"Lenzerheide, Switzerland",289,https://www.rootsandrain.com/event2922/2015-jul-5-uci-world-cup-dh-4-lenzerheide/,Lenzerheide, Switzerland
2015 UCI World Cup DH #3,14th Jun 2015,2015 UCI World Cup DH #3,"Leogang, Austria",316,https://www.rootsandrain.com/event2921/2015-jun-14-uci-world-cup-dh-3-leogang/,Leogang, Austria
2015 UCI World Cup DH #2,7th Jun 2015,2015 UCI World Cup DH #2,"Fort William, UK",255,https://www.rootsandrain.com/event2920/2015-jun-7-uci-world-cup-dh-2-fort-william/,Fort William, UK
2015 UCI World Cup DH #1,12th Apr 2015,2015 UCI World Cup DH #1,"Lourdes, France",240,https://www.rootsandrain.com/event2919/2015-apr-12-uci-world-cup-dh-1-lourdes/,Lourdes, France
UCI - DHI World Championships '16,11th Sep 2016,UCI - DHI World Championships '16,"Val di Sole, Italy",228,https://www.rootsandrain.com/event3599/2016-sep-11-uci-dhi-world-championships-16-val-di-sole/,Val di Sole, Italy
2016 UCI World Cup DH #7,4th Sep 2016,2016 UCI World Cup DH #7,"Vallnord, Andorra",261,https://www.rootsandrain.com/event3592/2016-sep-4-uci-world-cup-dh-7-vallnord/,Vallnord, Andorra
2016 UCI World Cup DH #6,6th Aug 2016,2016 UCI World Cup DH #6,"Mont-Sainte-Anne, QC, Canada",178,https://www.rootsandrain.com/event3591/2016-aug-6-uci-world-cup-dh-6-mont-sainte-anne-qc/,Mont-Sainte-Anne, Canada
2016 UCI World Cup DH #5,9th Jul 2016,2016 UCI World Cup DH #5,"Lenzerheide, Switzerland",284,https://www.rootsandrain.com/event3590/2016-jul-9-uci-world-cup-dh-5-lenzerheide/,Lenzerheide, Switzerland
2016 UCI World Cup DH #4,12th Jun 2016,2016 UCI World Cup DH #4,"Leogang, Austria",285,https://www.rootsandrain.com/event3589/2016-jun-12-uci-world-cup-dh-4-leogang/,Leogang, Austria
2016 UCI World Cup DH #3,5th Jun 2016,2016 UCI World Cup DH #3,"Fort William, UK",228,https://www.rootsandrain.com/event3588/2016-jun-5-uci-world-cup-dh-3-fort-william/,Fort William, UK
2016 UCI World Cup DH #2,23rd Apr 2016,2016 UCI World Cup DH #2,"Cairns, QLD, Australia",146,https://www.rootsandrain.com/event3587/2016-apr-23-uci-world-cup-dh-2-cairns-qld/,Cairns, Australia
2016 UCI World Cup DH #1,10th Apr 2016,2016 UCI World Cup DH #1,"Lourdes, France",257,https://www.rootsandrain.com/event3586/2016-apr-10-uci-world-cup-dh-1-lourdes/,Lourdes, France
UCI - DHI World Championships '17,10th Sep 2017,UCI - DHI World Championships '17,"Cairns, QLD, Australia",155,https://www.rootsandrain.com/event4501/2017-sep-10-uci-dhi-world-championships-17-cairns-qld/,Cairns, Australia
2017 UCI World Cup DH #7,26th Aug 2017,2017 UCI World Cup DH #7,"Val di Sole, Italy",184,https://www.rootsandrain.com/event4493/2017-aug-26-uci-world-cup-dh-7-val-di-sole/,Val di Sole, Italy
2017 UCI World Cup DH #6,6th Aug 2017,2017 UCI World Cup DH #6,"Mont-Sainte-Anne, QC, Canada",172,https://www.rootsandrain.com/event4492/2017-aug-6-uci-world-cup-dh-6-mont-sainte-anne-qc/,Mont-Sainte-Anne, Canada
2017 UCI World Cup DH #5,9th Jul 2017,2017 UCI World Cup DH #5,"Lenzerheide, Switzerland",254,https://www.rootsandrain.com/event5870/2017-jul-9-uci-world-cup-dh-5-lenzerheide/,Lenzerheide, Switzerland
2017 UCI World Cup DH #4,2nd Jul 2017,2017 UCI World Cup DH #4,"Vallnord, Andorra",243,https://www.rootsandrain.com/event4491/2017-jul-2-uci-world-cup-dh-4-vallnord/,Vallnord, Andorra
2017 UCI World Cup DH #3,11th Jun 2017,2017 UCI World Cup DH #3,"Leogang, Austria",260,https://www.rootsandrain.com/event4490/2017-jun-11-uci-world-cup-dh-3-leogang/,Leogang, Austria
2017 UCI World Cup DH #2,4th Jun 2017,2017 UCI World Cup DH #2,"Fort William, UK",218,https://www.rootsandrain.com/event4489/2017-jun-4-uci-world-cup-dh-2-fort-william/,Fort William, UK
UCI - Austrian DH National Champs '17,14th May 2017,UCI - Austrian DH National Champs '17,"Windischgarsten, Austria",120,https://www.rootsandrain.com/venue1118/windischgarsten/,Windischgarsten, Austria
2017 UCI World Cup DH #1,30th Apr 2017,2017 UCI World Cup DH #1,"Lourdes, France",226,https://www.rootsandrain.com/event4488/2017-apr-30-uci-world-cup-dh-1-lourdes/,Lourdes, France
UCI - DHI World Championships '18,9th Sep 2018,UCI - DHI World Championships '18,"Lenzerheide, Switzerland",220,https://www.rootsandrain.com/event5904/2018-sep-9-uci-dhi-world-championships-18-lenzerheide/,Lenzerheide, Switzerland
2018 Mercedes-Benz UCI World Cup DH #7,25th Aug 2018,2018 Mercedes-Benz UCI World Cup DH #7,"La Bresse, France",234,https://www.rootsandrain.com/event5903/2018-aug-25-mercedes-benz-uci-world-cup-dh-7-la-bresse/,La Bresse, France
2018 Mercedes-Benz UCI World Cup DH #6,11th Aug 2018,2018 Mercedes-Benz UCI World Cup DH #6,"Mont-Sainte-Anne, QC, Canada",153,https://www.rootsandrain.com/event5902/2018-aug-11-mercedes-benz-uci-world-cup-dh-6-mont-sainte-anne-qc/,Mont-Sainte-Anne, Canada
2018 Mercedes-Benz UCI World Cup DH #5,15th Jul 2018,2018 Mercedes-Benz UCI World Cup DH #5,"Vallnord, Andorra",235,https://www.rootsandrain.com/event5901/2018-jul-15-mercedes-benz-uci-world-cup-dh-5-vallnord/,Vallnord, Andorra
2018 Mercedes-Benz UCI World Cup DH #4,7th Jul 2018,2018 Mercedes-Benz UCI World Cup DH #4,"Val di Sole, Italy",258,https://www.rootsandrain.com/event5900/2018-jul-7-mercedes-benz-uci-world-cup-dh-4-val-di-sole/,Val di Sole, Italy
2018 Mercedes-Benz UCI World Cup DH #3,10th Jun 2018,2018 Mercedes-Benz UCI World Cup DH #3,"Leogang, Austria",272,https://www.rootsandrain.com/event5899/2018-jun-10-mercedes-benz-uci-world-cup-dh-3-leogang/,Leogang, Austria
2018 Mercedes-Benz UCI World Cup DH #2,3rd Jun 2018,2018 Mercedes-Benz UCI World Cup DH #2,"Fort William, UK",201,https://www.rootsandrain.com/event5898/2018-jun-3-mercedes-benz-uci-world-cup-dh-2-fort-william/,Fort William, UK
2018 Mercedes-Benz UCI World Cup DH #1,22nd Apr 2018,2018 Mercedes-Benz UCI World Cup DH #1,"Lošinj, Croatia",218,https://www.rootsandrain.com/event5897/2018-apr-22-mercedes-benz-uci-world-cup-dh-1-losinj/,Lošinj, Croatia
2019 Mercedes-Benz UCI World Cup DH #8,7th Sep 2019,2019 Mercedes-Benz UCI World Cup DH #8,"Snowshoe, WV, USA",146,https://www.rootsandrain.com/event6987/2019-sep-7-mercedes-benz-uci-world-cup-dh-8-snowshoe-wv/,Snowshoe, USA
UCI - DHI World Championships '19,1st Sep 2019,UCI - DHI World Championships '19,"Mont-Sainte-Anne, QC, Canada",175,https://www.rootsandrain.com/event6988/2019-sep-1-uci-dhi-world-championships-19-mont-sainte-anne-qc/,Mont-Sainte-Anne, Canada
2019 Mercedes-Benz UCI World Cup DH #7,10th Aug 2019,2019 Mercedes-Benz UCI World Cup DH #7,"Lenzerheide, Switzerland",202,https://www.rootsandrain.com/event6986/2019-aug-10-mercedes-benz-uci-world-cup-dh-7-lenzerheide/,Lenzerheide, Switzerland
2019 Mercedes-Benz UCI World Cup DH #6,3rd Aug 2019,2019 Mercedes-Benz UCI World Cup DH #6,"Val di Sole, Italy",228,https://www.rootsandrain.com/event6985/2019-aug-3-mercedes-benz-uci-world-cup-dh-6-val-di-sole/,Val di Sole, Italy
2019 Mercedes-Benz UCI World Cup DH #5,14th Jul 2019,2019 Mercedes-Benz UCI World Cup DH #5,"Les Gets, France",277,https://www.rootsandrain.com/event6984/2019-jul-14-mercedes-benz-uci-world-cup-dh-5-les-gets/,Les Gets, France
2019 Mercedes-Benz UCI World Cup DH #4,7th Jul 2019,2019 Mercedes-Benz UCI World Cup DH #4,"Vallnord, Andorra",231,https://www.rootsandrain.com/event6983/2019-jul-7-mercedes-benz-uci-world-cup-dh-4-vallnord/,Vallnord, Andorra
2019 Mercedes-Benz UCI World Cup DH #3,9th Jun 2019,2019 Mercedes-Benz UCI World Cup DH #3,"Leogang, Austria",273,https://www.rootsandrain.com/event6982/2019-jun-9-mercedes-benz-uci-world-cup-dh-3-leogang/,Leogang, Austria
2019 Mercedes-Benz UCI World Cup DH #2,2nd Jun 2019,2019 Mercedes-Benz UCI World Cup DH #2,"Fort William, UK",211,https://www.rootsandrain.com/event6981/2019-jun-2-mercedes-benz-uci-world-cup-dh-2-fort-william/,Fort William, UK
2019 Mercedes-Benz UCI World Cup DH #1,28th Apr 2019,2019 Mercedes-Benz UCI World Cup DH #1,"Maribor, Slovenia",273,https://www.rootsandrain.com/event6980/2019-apr-28-mercedes-benz-uci-world-cup-dh-1-maribor/,Maribor, Slovenia
2020 Mercedes-Benz UCI World Cup DH #4,1st Nov 2020,2020 Mercedes-Benz UCI World Cup DH #4,"Lousã, Portugal",128,https://www.rootsandrain.com/event7843/2020-nov-1-mercedes-benz-uci-world-cup-dh-4-lousa/,Lousã, Portugal
2020 Mercedes-Benz UCI World Cup DH #3,30th Oct 2020,2020 Mercedes-Benz UCI World Cup DH #3,"Lousã, Portugal",128,https://www.rootsandrain.com/event7849/2020-oct-30-mercedes-benz-uci-world-cup-dh-3-lousa/,Lousã, Portugal
2020 Mercedes-Benz UCI World Cup DH #2,18th Oct 2020,2020 Mercedes-Benz UCI World Cup DH #2,"Maribor, Slovenia",135,https://www.rootsandrain.com/event7842/2020-oct-18-mercedes-benz-uci-world-cup-dh-2-maribor/,Maribor, Slovenia
2020 Mercedes-Benz UCI World Cup DH #1,16th Oct 2020,2020 Mercedes-Benz UCI World Cup DH #1,"Maribor, Slovenia",134,https://www.rootsandrain.com/event7846/2020-oct-16-mercedes-benz-uci-world-cup-dh-1-maribor/,Maribor, Slovenia
UCI - DHI World Championships '20,11th Oct 2020,UCI - DHI World Championships '20,"Leogang, Austria",192,https://www.rootsandrain.com/event7863/2020-oct-11-uci-dhi-world-championships-20-leogang/,Leogang, Austria
2021 Mercedes-Benz UCI World Cup DH #6,18th Sep 2021,2021 Mercedes-Benz UCI World Cup DH #6,"Snowshoe, WV, USA",140,https://www.rootsandrain.com/event9446/2021-sep-18-mercedes-benz-uci-world-cup-dh-6-snowshoe-wv/,Snowshoe, USA
2021 Mercedes-Benz UCI World Cup DH #5,15th Sep 2021,2021 Mercedes-Benz UCI World Cup DH #5,"Snowshoe, WV, USA",140,https://www.rootsandrain.com/event8736/2021-sep-15-mercedes-benz-uci-world-cup-dh-5-snowshoe-wv/,Snowshoe, USA
2021 Mercedes-Benz UCI World Cup DH #4,4th Sep 2021,2021 Mercedes-Benz UCI World Cup DH #4,"Lenzerheide, Switzerland",240,https://www.rootsandrain.com/event8735/2021-sep-4-mercedes-benz-uci-world-cup-dh-4-lenzerheide/,Lenzerheide, Switzerland
UCI - DHI World Championships '21,29th Aug 2021,UCI - DHI World Championships '21,"Val di Sole, Italy",206,https://www.rootsandrain.com/event8727/2021-aug-29-uci-dhi-world-championships-21-val-di-sole/,Val di Sole, Italy
2021 Mercedes-Benz UCI World Cup DH #3,15th Aug 2021,2021 Mercedes-Benz UCI World Cup DH #3,"Maribor, Slovenia",261,https://www.rootsandrain.com/event8731/2021-aug-15-mercedes-benz-uci-world-cup-dh-3-maribor/,Maribor, Slovenia
2021 Mercedes-Benz UCI World Cup DH #2,4th Jul 2021,2021 Mercedes-Benz UCI World Cup DH #2,"Les Gets, France",261,https://www.rootsandrain.com/event8734/2021-jul-4-mercedes-benz-uci-world-cup-dh-2-les-gets/,Les Gets, France
2021 Mercedes-Benz UCI World Cup DH #1,12th Jun 2021,2021 Mercedes-Benz UCI World Cup DH #1,"Leogang, Austria",259,https://www.rootsandrain.com/event8732/2021-jun-12-mercedes-benz-uci-world-cup-dh-1-leogang/,Leogang, Austria
2022 Mercedes-Benz UCI World Cup DH #8,3rd Sep 2022,2022 Mercedes-Benz UCI World Cup DH #8,"Val di Sole, Italy",289,https://www.rootsandrain.com/event9603/2022-sep-3-mercedes-benz-uci-world-cup-dh-8-val-di-sole/,Val di Sole, Italy
UCI - DHI World Championships '22,28th Aug 2022,UCI - DHI World Championships '22,"Les Gets, France",243,https://www.rootsandrain.com/event9604/2022-aug-28-uci-dhi-world-championships-22-les-gets/,Les Gets, France
2022 Mercedes-Benz UCI World Cup DH #7,6th Aug 2022,2022 Mercedes-Benz UCI World Cup DH #7,"Mont-Sainte-Anne, QC, Canada",171,https://www.rootsandrain.com/event9602/2022-aug-6-mercedes-benz-uci-world-cup-dh-7-mont-sainte-anne-qc/,Mont-Sainte-Anne, Canada
2022 Mercedes-Benz UCI World Cup DH #6,30th Jul 2022,2022 Mercedes-Benz UCI World Cup DH #6,"Snowshoe, WV, USA",172,https://www.rootsandrain.com/event9601/2022-jul-30-mercedes-benz-uci-world-cup-dh-6-snowshoe-wv/,Snowshoe, USA
2022 Mercedes-Benz UCI World Cup DH #5,16th Jul 2022,2022 Mercedes-Benz UCI World Cup DH #5,"Vallnord, Andorra",267,https://www.rootsandrain.com/event9600/2022-jul-16-mercedes-benz-uci-world-cup-dh-5-vallnord/,Vallnord, Andorra
2022 Mercedes-Benz UCI World Cup DH #4,9th Jul 2022,2022 Mercedes-Benz UCI World Cup DH #4,"Lenzerheide, Switzerland",305,https://www.rootsandrain.com/event9599/2022-jul-9-mercedes-benz-uci-world-cup-dh-4-lenzerheide/,Lenzerheide, Switzerland
2022 Mercedes-Benz UCI World Cup DH #3,11th Jun 2022,2022 Mercedes-Benz UCI World Cup DH #3,"Leogang, Austria",301,https://www.rootsandrain.com/event9598/2022-jun-11-mercedes-benz-uci-world-cup-dh-3-leogang/,Leogang, Austria
2022 Mercedes-Benz UCI World Cup DH #2,22nd May 2022,2022 Mercedes-Benz UCI World Cup DH #2,"Fort William, UK",247,https://www.rootsandrain.com/event9597/2022-may-22-mercedes-benz-uci-world-cup-dh-2-fort-william/,Fort William, UK
2022 Mercedes-Benz UCI World Cup DH #1,27th Mar 2022,2022 Mercedes-Benz UCI World Cup DH #1,"Lourdes, France",261,https://www.rootsandrain.com/event9596/2022-mar-27-mercedes-benz-uci-world-cup-dh-1-lourdes/,Lourdes, France
